Time of Transition,PID,Old State,New State
9,1058,NEW,READY
9,1058,READY,RUNNING
39,1005,NEW,READY
39,1058,RUNNING,READY
39,1005,READY,RUNNING
52,1024,NEW,READY
52,1005,RUNNING,READY
52,1058,READY,RUNNING
70,1016,NEW,READY
70,1058,RUNNING,READY
70,1024,READY,RUNNING
94,1021,NEW,READY
94,1024,RUNNING,READY
94,1005,READY,RUNNING
101,1065,NEW,READY
101,1005,RUNNING,READY
101,1016,READY,RUNNING
108,1013,NEW,READY
108,1016,RUNNING,READY
108,1058,READY,RUNNING
111,1025,NEW,READY
111,1058,RUNNING,READY
111,1021,READY,RUNNING
115,1096,NEW,READY
115,1021,RUNNING,READY
115,1024,READY,RUNNING
133,1049,NEW,READY
133,1024,RUNNING,READY
133,1065,READY,RUNNING
134,1045,NEW,READY
134,1065,RUNNING,READY
134,1005,READY,RUNNING
152,1085,NEW,READY
152,1005,RUNNING,READY
152,1013,READY,RUNNING
168,1001,NEW,READY
168,1013,RUNNING,READY
168,1016,READY,RUNNING
174,1057,NEW,READY
174,1016,RUNNING,READY
174,1025,READY,RUNNING
175,1056,NEW,READY
175,1025,RUNNING,READY
175,1058,READY,RUNNING
190,1022,NEW,READY
190,1058,RUNNING,READY
190,1096,READY,RUNNING
193,1073,NEW,READY
193,1089,NEW,READY
193,1096,RUNNING,READY
193,1021,READY,RUNNING
206,1037,NEW,READY
206,1021,RUNNING,READY
206,1049,READY,RUNNING
230,1003,NEW,READY
230,1093,NEW,READY
230,1049,RUNNING,READY
230,1024,READY,RUNNING
235,1009,NEW,READY
235,1024,RUNNING,READY
235,1045,READY,RUNNING
245,1017,NEW,READY
245,1045,RUNNING,READY
245,1065,READY,RUNNING
246,1041,NEW,READY
246,1081,NEW,READY
246,1065,RUNNING,READY
246,1085,READY,RUNNING
247,1029,NEW,READY
247,1061,NEW,READY
247,1085,RUNNING,READY
247,1005,READY,RUNNING
248,1033,NEW,READY
248,1005,RUNNING,READY
248,1001,READY,RUNNING
255,1069,NEW,READY
255,1001,RUNNING,READY
255,1013,READY,RUNNING
266,1060,NEW,READY
266,1013,RUNNING,READY
266,1057,READY,RUNNING
287,1077,NEW,READY
287,1057,RUNNING,READY
287,1016,READY,RUNNING
290,1053,NEW,READY
290,1016,RUNNING,READY
290,1056,READY,RUNNING
296,1097,NEW,READY
296,1056,RUNNING,READY
296,1025,READY,RUNNING
323,1050,NEW,READY
323,1025,RUNNING,READY
323,1022,READY,RUNNING
384,1099,NEW,READY
384,1022,RUNNING,READY
384,1058,READY,RUNNING
388,1047,NEW,READY
388,1058,RUNNING,READY
388,1073,READY,RUNNING
408,1073,RUNNING,WAITING
408,1089,READY,RUNNING
426,1028,NEW,READY
426,1089,RUNNING,READY
426,1096,READY,RUNNING
436,1092,NEW,READY
436,1096,RUNNING,READY
436,1037,READY,RUNNING
440,1011,NEW,READY
440,1037,RUNNING,READY
440,1021,READY,RUNNING
459,1021,RUNNING,WAITING
459,1003,READY,RUNNING
492,1042,NEW,READY
492,1003,RUNNING,READY
492,1093,READY,RUNNING
562,1093,RUNNING,READY
562,1049,READY,RUNNING
563,1002,NEW,READY
563,1049,RUNNING,READY
563,1009,READY,RUNNING
612,1073,WAITING,READY
631,1039,NEW,READY
631,1009,RUNNING,READY
631,1024,READY,RUNNING
633,1100,NEW,READY
633,1024,RUNNING,READY
633,1017,READY,RUNNING
660,1048,NEW,READY
660,1017,RUNNING,READY
660,1045,READY,RUNNING
697,1046,NEW,READY
697,1045,RUNNING,READY
697,1041,READY,RUNNING
706,1040,NEW,READY
706,1041,RUNNING,READY
706,1081,READY,RUNNING
709,1059,NEW,READY
709,1081,RUNNING,READY
709,1065,READY,RUNNING
722,1012,NEW,READY
722,1065,RUNNING,READY
722,1029,READY,RUNNING
765,1029,RUNNING,WAITING
765,1061,READY,RUNNING
788,1051,NEW,READY
788,1061,RUNNING,READY
788,1085,READY,RUNNING
808,1063,NEW,READY
808,1085,RUNNING,READY
808,1033,READY,RUNNING
824,1021,WAITING,READY
836,1015,NEW,READY
836,1064,NEW,READY
836,1033,RUNNING,READY
836,1005,READY,RUNNING
892,1062,NEW,READY
892,1005,RUNNING,READY
892,1069,READY,RUNNING
893,1035,NEW,READY
893,1069,RUNNING,READY
893,1001,READY,RUNNING
912,1001,RUNNING,TERMINATED
912,1060,READY,RUNNING
922,1088,NEW,READY
922,1060,RUNNING,READY
922,1013,READY,RUNNING
956,1010,NEW,READY
956,1013,RUNNING,READY
956,1077,READY,RUNNING
990,1077,RUNNING,WAITING
990,1057,READY,RUNNING
1037,1043,NEW,READY
1037,1057,RUNNING,READY
1037,1053,READY,RUNNING
1073,1044,NEW,READY
1073,1053,RUNNING,READY
1073,1016,READY,RUNNING
1075,1029,WAITING,READY
1088,1016,RUNNING,TERMINATED
1088,1097,READY,RUNNING
1109,1070,NEW,READY
1109,1097,RUNNING,READY
1109,1056,READY,RUNNING
1127,1077,WAITING,READY
1150,1075,NEW,READY
1150,1056,RUNNING,READY
1150,1050,READY,RUNNING
1186,1086,NEW,READY
1186,1050,RUNNING,READY
1186,1025,READY,RUNNING
1256,1025,RUNNING,READY
1256,1099,READY,RUNNING
1268,1031,NEW,READY
1268,1099,RUNNING,READY
1268,1022,READY,RUNNING
1276,1022,RUNNING,WAITING
1276,1047,READY,RUNNING
1306,1095,NEW,READY
1306,1047,RUNNING,READY
1306,1058,READY,RUNNING
1315,1058,RUNNING,WAITING
1315,1028,READY,RUNNING
1328,1028,RUNNING,WAITING
1328,1089,READY,RUNNING
1331,1089,RUNNING,TERMINATED
1331,1092,READY,RUNNING
1349,1091,NEW,READY
1349,1092,RUNNING,READY
1349,1096,READY,RUNNING
1368,1020,NEW,READY
1368,1096,RUNNING,READY
1368,1011,READY,RUNNING
1437,1052,NEW,READY
1437,1011,RUNNING,READY
1437,1037,READY,RUNNING
1507,1037,RUNNING,READY
1507,1042,READY,RUNNING
1510,1038,NEW,READY
1510,1068,NEW,READY
1510,1042,RUNNING,READY
1510,1003,READY,RUNNING
1546,1074,NEW,READY
1546,1003,RUNNING,READY
1546,1093,READY,RUNNING
1564,1090,NEW,READY
1564,1093,RUNNING,READY
1564,1002,READY,RUNNING
1567,1036,NEW,READY
1567,1002,RUNNING,READY
1567,1049,READY,RUNNING
1594,1049,RUNNING,WAITING
1594,1073,READY,RUNNING
1614,1073,RUNNING,WAITING
1614,1039,READY,RUNNING
1643,1028,WAITING,READY
1684,1039,RUNNING,READY
1684,1009,READY,RUNNING
1692,1004,NEW,READY
1692,1009,RUNNING,READY
1692,1100,READY,RUNNING
1699,1084,NEW,READY
1699,1100,RUNNING,READY
1699,1024,READY,RUNNING
1731,1087,NEW,READY
1731,1024,RUNNING,READY
1731,1048,READY,RUNNING
1734,1026,NEW,READY
1734,1048,RUNNING,READY
1734,1017,READY,RUNNING
1735,1049,WAITING,READY
1743,1023,NEW,READY
1743,1017,RUNNING,READY
1743,1046,READY,RUNNING
1771,1022,WAITING,READY
1787,1058,WAITING,READY
1800,1018,NEW,READY
1800,1046,RUNNING,READY
1800,1045,READY,RUNNING
1818,1073,WAITING,READY
1820,1054,NEW,READY
1820,1045,RUNNING,READY
1820,1040,READY,RUNNING
1867,1080,NEW,READY
1867,1040,RUNNING,READY
1867,1041,READY,RUNNING
1878,1066,NEW,READY
1878,1041,RUNNING,READY
1878,1059,READY,RUNNING
1948,1059,RUNNING,READY
1948,1081,READY,RUNNING
1977,1014,NEW,READY
1977,1081,RUNNING,READY
1977,1012,READY,RUNNING
2042,1067,NEW,READY
2042,1012,RUNNING,READY
2042,1065,READY,RUNNING
2060,1082,NEW,READY
2060,1065,RUNNING,READY
2060,1051,READY,RUNNING
2130,1051,RUNNING,READY
2130,1061,READY,RUNNING
2132,1008,NEW,READY
2132,1061,RUNNING,READY
2132,1063,READY,RUNNING
2168,1098,NEW,READY
2168,1063,RUNNING,READY
2168,1085,READY,RUNNING
2173,1034,NEW,READY
2173,1085,RUNNING,READY
2173,1021,READY,RUNNING
2207,1021,RUNNING,WAITING
2207,1015,READY,RUNNING
2239,1015,RUNNING,WAITING
2239,1064,READY,RUNNING
2309,1064,RUNNING,READY
2309,1033,READY,RUNNING
2379,1033,RUNNING,READY
2379,1062,READY,RUNNING
2394,1062,RUNNING,TERMINATED
2394,1005,READY,RUNNING
2430,1005,RUNNING,WAITING
2430,1035,READY,RUNNING
2447,1076,NEW,READY
2447,1035,RUNNING,READY
2447,1069,READY,RUNNING
2464,1019,NEW,READY
2464,1069,RUNNING,READY
2464,1088,READY,RUNNING
2474,1088,RUNNING,WAITING
2474,1060,READY,RUNNING
2503,1032,NEW,READY
2503,1060,RUNNING,READY
2503,1010,READY,RUNNING
2514,1015,WAITING,READY
2515,1079,NEW,READY
2515,1010,RUNNING,READY
2515,1013,READY,RUNNING
2523,1013,RUNNING,WAITING
2523,1043,READY,RUNNING
2542,1027,NEW,READY
2542,1043,RUNNING,READY
2542,1057,READY,RUNNING
2572,1021,WAITING,READY
2578,1072,NEW,READY
2578,1057,RUNNING,READY
2578,1044,READY,RUNNING
2603,1044,RUNNING,WAITING
2603,1053,READY,RUNNING
2613,1083,NEW,READY
2613,1053,RUNNING,READY
2613,1029,READY,RUNNING
2656,1029,RUNNING,WAITING
2656,1070,READY,RUNNING
2673,1030,NEW,READY
2673,1070,RUNNING,READY
2673,1097,READY,RUNNING
2682,1006,NEW,READY
2682,1097,RUNNING,READY
2682,1077,READY,RUNNING
2716,1077,RUNNING,WAITING
2716,1075,READY,RUNNING
2746,1055,NEW,READY
2746,1075,RUNNING,READY
2746,1056,READY,RUNNING
2783,1007,NEW,READY
2783,1056,RUNNING,READY
2783,1086,READY,RUNNING
2784,1088,WAITING,READY
2791,1005,WAITING,READY
2795,1013,WAITING,READY
2798,1078,NEW,READY
2798,1086,RUNNING,READY
2798,1050,READY,RUNNING
2814,1044,WAITING,READY
2846,1071,NEW,READY
2846,1050,RUNNING,READY
2846,1025,READY,RUNNING
2853,1077,WAITING,READY
2916,1025,RUNNING,READY
2916,1031,READY,RUNNING
2953,1094,NEW,READY
2953,1031,RUNNING,READY
2953,1099,READY,RUNNING
2966,1029,WAITING,READY
3023,1099,RUNNING,READY
3023,1095,READY,RUNNING
3093,1095,RUNNING,READY
3093,1047,READY,RUNNING
3094,1047,RUNNING,WAITING
3094,1091,READY,RUNNING
3164,1091,RUNNING,READY
3164,1092,READY,RUNNING
3213,1092,RUNNING,WAITING
3213,1020,READY,RUNNING
3283,1020,RUNNING,READY
3283,1096,READY,RUNNING
3353,1096,RUNNING,READY
3353,1052,READY,RUNNING
3423,1052,RUNNING,READY
3423,1011,READY,RUNNING
3461,1047,WAITING,READY
3493,1011,RUNNING,READY
3493,1037,READY,RUNNING
3502,1092,WAITING,READY
3554,1037,RUNNING,WAITING
3554,1038,READY,RUNNING
3610,1038,RUNNING,WAITING
3610,1068,READY,RUNNING
3636,1037,WAITING,READY
3680,1068,RUNNING,READY
3680,1042,READY,RUNNING
3750,1042,RUNNING,READY
3750,1074,READY,RUNNING
3810,1074,RUNNING,WAITING
3810,1003,READY,RUNNING
3880,1003,RUNNING,READY
3880,1090,READY,RUNNING
3950,1090,RUNNING,READY
3950,1093,READY,RUNNING
4000,1038,WAITING,READY
4020,1093,RUNNING,READY
4020,1036,READY,RUNNING
4069,1036,RUNNING,TERMINATED
4069,1002,READY,RUNNING
4107,1002,RUNNING,WAITING
4107,1028,READY,RUNNING
4120,1028,RUNNING,WAITING
4120,1039,READY,RUNNING
4190,1039,RUNNING,READY
4190,1004,READY,RUNNING
4212,1074,WAITING,READY
4260,1004,RUNNING,READY
4260,1009,READY,RUNNING
4302,1009,RUNNING,WAITING
4302,1084,READY,RUNNING
4361,1084,RUNNING,TERMINATED
4361,1100,READY,RUNNING
4403,1100,RUNNING,WAITING
4403,1087,READY,RUNNING
4435,1028,WAITING,READY
4449,1002,WAITING,READY
4473,1087,RUNNING,READY
4473,1024,READY,RUNNING
4539,1024,RUNNING,WAITING
4539,1026,READY,RUNNING
4551,1026,RUNNING,TERMINATED
4551,1048,READY,RUNNING
4599,1048,RUNNING,WAITING
4599,1049,READY,RUNNING
4649,1049,RUNNING,WAITING
4649,1023,READY,RUNNING
4719,1023,RUNNING,READY
4719,1017,READY,RUNNING
4777,1009,WAITING,READY
4789,1017,RUNNING,READY
4789,1022,READY,RUNNING
4790,1049,WAITING,READY
4805,1100,WAITING,READY
4854,1024,WAITING,READY
4857,1022,RUNNING,WAITING
4857,1058,READY,RUNNING
4909,1048,WAITING,READY
4910,1058,RUNNING,TERMINATED
4910,1018,READY,RUNNING
4980,1018,RUNNING,READY
4980,1046,READY,RUNNING
5050,1046,RUNNING,READY
5050,1073,READY,RUNNING
5070,1073,RUNNING,WAITING
5070,1054,READY,RUNNING
5140,1054,RUNNING,READY
5140,1045,READY,RUNNING
5183,1045,RUNNING,WAITING
5183,1080,READY,RUNNING
5235,1045,WAITING,READY
5253,1080,RUNNING,READY
5253,1040,READY,RUNNING
5274,1073,WAITING,READY
5323,1040,RUNNING,READY
5323,1066,READY,RUNNING
5352,1022,WAITING,READY
5393,1066,RUNNING,READY
5393,1041,READY,RUNNING
5463,1041,RUNNING,READY
5463,1059,READY,RUNNING
5503,1059,RUNNING,WAITING
5503,1014,READY,RUNNING
5532,1014,RUNNING,TERMINATED
5532,1081,READY,RUNNING
5565,1059,WAITING,READY
5602,1081,RUNNING,READY
5602,1067,READY,RUNNING
5672,1067,RUNNING,READY
5672,1012,READY,RUNNING
5729,1012,RUNNING,WAITING
5729,1082,READY,RUNNING
5799,1082,RUNNING,READY
5799,1065,READY,RUNNING
5869,1065,RUNNING,READY
5869,1051,READY,RUNNING
5882,1051,RUNNING,WAITING
5882,1008,READY,RUNNING
5952,1008,RUNNING,READY
5952,1061,READY,RUNNING
6018,1051,WAITING,READY
6022,1061,RUNNING,READY
6022,1098,READY,RUNNING
6054,1012,WAITING,READY
6092,1098,RUNNING,READY
6092,1063,READY,RUNNING
6133,1063,RUNNING,WAITING
6133,1034,READY,RUNNING
6203,1034,RUNNING,READY
6203,1085,READY,RUNNING
6273,1085,RUNNING,READY
6273,1064,READY,RUNNING
6282,1063,WAITING,READY
6292,1064,RUNNING,TERMINATED
6292,1033,READY,RUNNING
6326,1033,RUNNING,WAITING
6326,1076,READY,RUNNING
6396,1076,RUNNING,READY
6396,1035,READY,RUNNING
6425,1035,RUNNING,WAITING
6425,1019,READY,RUNNING
6495,1019,RUNNING,READY
6495,1069,READY,RUNNING
6565,1069,RUNNING,READY
6565,1032,READY,RUNNING
6635,1032,RUNNING,READY
6635,1060,READY,RUNNING
6686,1060,RUNNING,WAITING
6686,1015,READY,RUNNING
6718,1015,RUNNING,WAITING
6718,1079,READY,RUNNING
6788,1079,RUNNING,READY
6788,1010,READY,RUNNING
6800,1033,WAITING,READY
6858,1010,RUNNING,READY
6858,1027,READY,RUNNING
6892,1035,WAITING,READY
6928,1027,RUNNING,READY
6928,1043,READY,RUNNING
6969,1043,RUNNING,WAITING
6969,1021,READY,RUNNING
6993,1015,WAITING,READY
7003,1021,RUNNING,WAITING
7003,1072,READY,RUNNING
7006,1060,WAITING,READY
7073,1072,RUNNING,READY
7073,1057,READY,RUNNING
7101,1057,RUNNING,WAITING
7101,1083,READY,RUNNING
7141,1083,RUNNING,TERMINATED
7141,1053,READY,RUNNING
7204,1043,WAITING,READY
7211,1053,RUNNING,READY
7211,1030,READY,RUNNING
7257,1030,RUNNING,TERMINATED
7257,1070,READY,RUNNING
7315,1057,WAITING,READY
7327,1070,RUNNING,READY
7327,1006,READY,RUNNING
7365,1006,RUNNING,TERMINATED
7365,1097,READY,RUNNING
7368,1021,WAITING,READY
7432,1097,RUNNING,TERMINATED
7432,1055,READY,RUNNING
7462,1055,RUNNING,WAITING
7462,1075,READY,RUNNING
7507,1075,RUNNING,TERMINATED
7507,1007,READY,RUNNING
7526,1007,RUNNING,WAITING
7526,1056,READY,RUNNING
7596,1056,RUNNING,READY
7596,1088,READY,RUNNING
7606,1088,RUNNING,WAITING
7606,1005,READY,RUNNING
7676,1005,RUNNING,READY
7676,1013,READY,RUNNING
7742,1013,RUNNING,WAITING
7742,1078,READY,RUNNING
7812,1078,RUNNING,READY
7812,1086,READY,RUNNING
7847,1007,WAITING,READY
7882,1086,RUNNING,READY
7882,1044,READY,RUNNING
7907,1044,RUNNING,WAITING
7907,1071,READY,RUNNING
7916,1088,WAITING,READY
7933,1055,WAITING,READY
7977,1071,RUNNING,READY
7977,1050,READY,RUNNING
8014,1013,WAITING,READY
8047,1050,RUNNING,READY
8047,1077,READY,RUNNING
8064,1077,RUNNING,TERMINATED
8064,1025,READY,RUNNING
8076,1025,RUNNING,WAITING
8076,1094,READY,RUNNING
8109,1094,RUNNING,WAITING
8109,1031,READY,RUNNING
8118,1044,WAITING,READY
8147,1025,WAITING,READY
8179,1031,RUNNING,READY
8179,1029,READY,RUNNING
8222,1029,RUNNING,WAITING
8222,1099,READY,RUNNING
8292,1099,RUNNING,READY
8292,1095,READY,RUNNING
8347,1094,WAITING,READY
8353,1095,RUNNING,WAITING
8353,1091,READY,RUNNING
8417,1095,WAITING,READY
8423,1091,RUNNING,READY
8423,1020,READY,RUNNING
8491,1020,RUNNING,WAITING
8491,1096,READY,RUNNING
8512,1096,RUNNING,TERMINATED
8512,1052,READY,RUNNING
8532,1029,WAITING,READY
8582,1052,RUNNING,READY
8582,1047,READY,RUNNING
8605,1020,WAITING,READY
8612,1047,RUNNING,WAITING
8612,1011,READY,RUNNING
8672,1011,RUNNING,WAITING
8672,1092,READY,RUNNING
8738,1092,RUNNING,WAITING
8738,1037,READY,RUNNING
8767,1037,RUNNING,TERMINATED
8767,1068,READY,RUNNING
8837,1068,RUNNING,READY
8837,1042,READY,RUNNING
8907,1042,RUNNING,READY
8907,1003,READY,RUNNING
8922,1003,RUNNING,WAITING
8922,1090,READY,RUNNING
8979,1047,WAITING,READY
8992,1090,RUNNING,READY
8992,1038,READY,RUNNING
8998,1003,WAITING,READY
9027,1092,WAITING,READY
9048,1038,RUNNING,WAITING
9048,1093,READY,RUNNING
9061,1011,WAITING,READY
9067,1093,RUNNING,WAITING
9067,1039,READY,RUNNING
9078,1039,RUNNING,WAITING
9078,1074,READY,RUNNING
9138,1074,RUNNING,WAITING
9138,1004,READY,RUNNING
9208,1004,RUNNING,READY
9208,1028,READY,RUNNING
9221,1028,RUNNING,WAITING
9221,1002,READY,RUNNING
9261,1002,RUNNING,WAITING
9261,1087,READY,RUNNING
9309,1087,RUNNING,WAITING
9309,1023,READY,RUNNING
9333,1023,RUNNING,WAITING
9333,1009,READY,RUNNING
9373,1093,WAITING,READY
9401,1039,WAITING,READY
9403,1009,RUNNING,READY
9403,1017,READY,RUNNING
9416,1017,RUNNING,WAITING
9416,1049,READY,RUNNING
9431,1049,RUNNING,TERMINATED
9431,1100,READY,RUNNING
9438,1038,WAITING,READY
9479,1100,RUNNING,WAITING
9479,1024,READY,RUNNING
9508,1024,RUNNING,TERMINATED
9508,1048,READY,RUNNING
9536,1028,WAITING,READY
9540,1074,WAITING,READY
9558,1048,RUNNING,WAITING
9558,1018,READY,RUNNING
9569,1018,RUNNING,WAITING
9569,1046,READY,RUNNING
9585,1046,RUNNING,WAITING
9585,1054,READY,RUNNING
9603,1002,WAITING,READY
9625,1017,WAITING,READY
9655,1054,RUNNING,READY
9655,1045,READY,RUNNING
9687,1018,WAITING,READY
9701,1023,WAITING,READY
9707,1087,WAITING,READY
9725,1045,RUNNING,READY
9725,1080,READY,RUNNING
9731,1046,WAITING,READY
9783,1080,RUNNING,TERMINATED
9783,1073,READY,RUNNING
9803,1073,RUNNING,WAITING
9803,1040,READY,RUNNING
9812,1040,RUNNING,WAITING
9812,1022,READY,RUNNING
9868,1048,WAITING,READY
9880,1022,RUNNING,WAITING
9880,1066,READY,RUNNING
9881,1100,WAITING,READY
9888,1066,RUNNING,WAITING
9888,1041,READY,RUNNING
9889,1041,RUNNING,WAITING
9889,1059,READY,RUNNING
9949,1040,WAITING,READY
9959,1059,RUNNING,READY
9959,1081,READY,RUNNING
9979,1081,RUNNING,TERMINATED
9979,1067,READY,RUNNING
10007,1073,WAITING,READY
10049,1067,RUNNING,READY
10049,1082,READY,RUNNING
10071,1066,WAITING,READY
10119,1082,RUNNING,READY
10119,1065,READY,RUNNING
10188,1065,RUNNING,WAITING
10188,1008,READY,RUNNING
10251,1008,RUNNING,WAITING
10251,1051,READY,RUNNING
10263,1051,RUNNING,TERMINATED
10263,1061,READY,RUNNING
10295,1061,RUNNING,TERMINATED
10295,1012,READY,RUNNING
10334,1041,WAITING,READY
10365,1012,RUNNING,READY
10365,1098,READY,RUNNING
10375,1022,WAITING,READY
10413,1098,RUNNING,WAITING
10413,1034,READY,RUNNING
10434,1065,WAITING,READY
10483,1034,RUNNING,READY
10483,1085,READY,RUNNING
10532,1098,WAITING,READY
10553,1085,RUNNING,READY
10553,1063,READY,RUNNING
10619,1063,RUNNING,TERMINATED
10619,1076,READY,RUNNING
10689,1076,RUNNING,READY
10689,1019,READY,RUNNING
10724,1008,WAITING,READY
10759,1019,RUNNING,READY
10759,1069,READY,RUNNING
10777,1069,RUNNING,TERMINATED
10777,1032,READY,RUNNING
10808,1032,RUNNING,WAITING
10808,1079,READY,RUNNING
10869,1032,WAITING,READY
10877,1079,RUNNING,WAITING
10877,1033,READY,RUNNING
10916,1033,RUNNING,TERMINATED
10916,1010,READY,RUNNING
10986,1010,RUNNING,READY
10986,1035,READY,RUNNING
11031,1035,RUNNING,WAITING
11031,1027,READY,RUNNING
11101,1027,RUNNING,READY
11101,1015,READY,RUNNING
11122,1015,RUNNING,TERMINATED
11122,1060,READY,RUNNING
11138,1079,WAITING,READY
11192,1060,RUNNING,READY
11192,1072,READY,RUNNING
11262,1072,RUNNING,READY
11262,1043,READY,RUNNING
11321,1043,RUNNING,WAITING
11321,1053,READY,RUNNING
11380,1053,RUNNING,WAITING
11380,1057,READY,RUNNING
11450,1057,RUNNING,READY
11450,1070,READY,RUNNING
11498,1035,WAITING,READY
11502,1070,RUNNING,WAITING
11502,1021,READY,RUNNING
11530,1021,RUNNING,TERMINATED
11530,1056,READY,RUNNING
11542,1056,RUNNING,WAITING
11542,1005,READY,RUNNING
11556,1043,WAITING,READY
11598,1005,RUNNING,WAITING
11598,1078,READY,RUNNING
11612,1053,WAITING,READY
11617,1078,RUNNING,WAITING
11617,1007,READY,RUNNING
11636,1007,RUNNING,WAITING
11636,1086,READY,RUNNING
11682,1086,RUNNING,TERMINATED
11682,1088,READY,RUNNING
11692,1088,RUNNING,WAITING
11692,1055,READY,RUNNING
11722,1055,RUNNING,WAITING
11722,1071,READY,RUNNING
11732,1071,RUNNING,WAITING
11732,1013,READY,RUNNING
11743,1013,RUNNING,TERMINATED
11743,1050,READY,RUNNING
11773,1050,RUNNING,WAITING
11773,1044,READY,RUNNING
11790,1070,WAITING,READY
11798,1044,RUNNING,WAITING
11798,1025,READY,RUNNING
11851,1025,RUNNING,TERMINATED
11851,1031,READY,RUNNING
11885,1031,RUNNING,WAITING
11885,1099,READY,RUNNING
11932,1099,RUNNING,WAITING
11932,1094,READY,RUNNING
11946,1078,WAITING,READY
11957,1007,WAITING,READY
11959,1005,WAITING,READY
11965,1094,RUNNING,WAITING
11965,1095,READY,RUNNING
12002,1088,WAITING,READY
12009,1044,WAITING,READY
12030,1056,WAITING,READY
12035,1095,RUNNING,READY
12035,1091,READY,RUNNING
12081,1091,RUNNING,WAITING
12081,1029,READY,RUNNING
12124,1029,RUNNING,WAITING
12124,1052,READY,RUNNING
12127,1031,WAITING,READY
12150,1050,WAITING,READY
12174,1052,RUNNING,WAITING
12174,1020,READY,RUNNING
12193,1055,WAITING,READY
12203,1094,WAITING,READY
12221,1071,WAITING,READY
12237,1099,WAITING,READY
12244,1020,RUNNING,READY
12244,1068,READY,RUNNING
12247,1052,WAITING,READY
12277,1068,RUNNING,WAITING
12277,1042,READY,RUNNING
12281,1042,RUNNING,WAITING
12281,1047,READY,RUNNING
12286,1091,WAITING,READY
12311,1047,RUNNING,WAITING
12311,1090,READY,RUNNING
12335,1090,RUNNING,WAITING
12335,1003,READY,RUNNING
12389,1090,WAITING,READY
12393,1003,RUNNING,TERMINATED
12393,1092,READY,RUNNING
12434,1029,WAITING,READY
12459,1092,RUNNING,WAITING
12459,1011,READY,RUNNING
12529,1011,RUNNING,READY
12529,1004,READY,RUNNING
12568,1004,RUNNING,WAITING
12568,1093,READY,RUNNING
12638,1093,RUNNING,READY
12638,1039,READY,RUNNING
12666,1042,WAITING,READY
12678,1047,WAITING,READY
12708,1039,RUNNING,READY
12708,1009,READY,RUNNING
12740,1068,WAITING,READY
12748,1092,WAITING,READY
12754,1009,RUNNING,WAITING
12754,1038,READY,RUNNING
12810,1038,RUNNING,WAITING
12810,1028,READY,RUNNING
12823,1028,RUNNING,WAITING
12823,1074,READY,RUNNING
12883,1074,RUNNING,WAITING
12883,1002,READY,RUNNING
12923,1002,RUNNING,WAITING
12923,1017,READY,RUNNING
12928,1004,WAITING,READY
12993,1017,RUNNING,READY
12993,1054,READY,RUNNING
13052,1054,RUNNING,WAITING
13052,1018,READY,RUNNING
13122,1018,RUNNING,READY
13122,1023,READY,RUNNING
13138,1028,WAITING,READY
13192,1023,RUNNING,READY
13192,1087,READY,RUNNING
13200,1038,WAITING,READY
13229,1009,WAITING,READY
13262,1087,RUNNING,READY
13262,1045,READY,RUNNING
13265,1002,WAITING,READY
13284,1045,RUNNING,TERMINATED
13284,1046,READY,RUNNING
13285,1074,WAITING,READY
13354,1046,RUNNING,READY
13354,1048,READY,RUNNING
13390,1054,WAITING,READY
13404,1048,RUNNING,WAITING
13404,1100,READY,RUNNING
13452,1100,RUNNING,WAITING
13452,1040,READY,RUNNING
13522,1040,RUNNING,READY
13522,1059,READY,RUNNING
13562,1059,RUNNING,WAITING
13562,1073,READY,RUNNING
13582,1073,RUNNING,WAITING
13582,1067,READY,RUNNING
13622,1067,RUNNING,WAITING
13622,1066,READY,RUNNING
13624,1059,WAITING,READY
13692,1066,RUNNING,READY
13692,1082,READY,RUNNING
13714,1048,WAITING,READY
13730,1082,RUNNING,TERMINATED
13730,1041,READY,RUNNING
13786,1073,WAITING,READY
13800,1041,RUNNING,READY
13800,1012,READY,RUNNING
13824,1067,WAITING,READY
13851,1012,RUNNING,WAITING
13851,1022,READY,RUNNING
13854,1100,WAITING,READY
13919,1022,RUNNING,WAITING
13919,1065,READY,RUNNING
13989,1065,RUNNING,READY
13989,1034,READY,RUNNING
13996,1034,RUNNING,WAITING
13996,1098,READY,RUNNING
14018,1098,RUNNING,TERMINATED
14018,1085,READY,RUNNING
14036,1085,RUNNING,WAITING
14036,1076,READY,RUNNING
14039,1076,RUNNING,WAITING
14039,1008,READY,RUNNING
14109,1008,RUNNING,READY
14109,1019,READY,RUNNING
14119,1076,WAITING,READY
14145,1019,RUNNING,WAITING
14145,1032,READY,RUNNING
14176,1012,WAITING,READY
14215,1032,RUNNING,READY
14215,1010,READY,RUNNING
14247,1010,RUNNING,WAITING
14247,1027,READY,RUNNING
14283,1027,RUNNING,WAITING
14283,1079,READY,RUNNING
14284,1085,WAITING,READY
14291,1079,RUNNING,TERMINATED
14291,1060,READY,RUNNING
14299,1010,WAITING,READY
14309,1060,RUNNING,WAITING
14309,1072,READY,RUNNING
14312,1072,RUNNING,WAITING
14312,1057,READY,RUNNING
14313,1057,RUNNING,TERMINATED
14313,1035,READY,RUNNING
14358,1035,RUNNING,WAITING
14358,1043,READY,RUNNING
14414,1022,WAITING,READY
14417,1043,RUNNING,WAITING
14417,1053,READY,RUNNING
14425,1019,WAITING,READY
14438,1034,WAITING,READY
14487,1053,RUNNING,READY
14487,1070,READY,RUNNING
14541,1072,WAITING,READY
14557,1070,RUNNING,READY
14557,1078,READY,RUNNING
14584,1027,WAITING,READY
14627,1078,RUNNING,READY
14627,1007,READY,RUNNING
14629,1060,WAITING,READY
14646,1007,RUNNING,WAITING
14646,1005,READY,RUNNING
14652,1043,WAITING,READY
14682,1005,RUNNING,TERMINATED
14682,1088,READY,RUNNING
14692,1088,RUNNING,WAITING
14692,1044,READY,RUNNING
14699,1044,RUNNING,TERMINATED
14699,1056,READY,RUNNING
14769,1056,RUNNING,READY
14769,1095,READY,RUNNING
14825,1035,WAITING,READY
14830,1095,RUNNING,WAITING
14830,1031,READY,RUNNING
14850,1031,RUNNING,TERMINATED
14850,1050,READY,RUNNING
14894,1095,WAITING,READY
14920,1050,RUNNING,READY
14920,1055,READY,RUNNING
14950,1055,RUNNING,WAITING
14950,1094,READY,RUNNING
14967,1007,WAITING,READY
14983,1094,RUNNING,WAITING
14983,1071,READY,RUNNING
15002,1088,WAITING,READY
15053,1071,RUNNING,READY
15053,1099,READY,RUNNING
15070,1099,RUNNING,TERMINATED
15070,1020,READY,RUNNING
15078,1020,RUNNING,TERMINATED
15078,1052,READY,RUNNING
15148,1052,RUNNING,READY
15148,1091,READY,RUNNING
15195,1091,RUNNING,TERMINATED
15195,1090,READY,RUNNING
15221,1094,WAITING,READY
15265,1090,RUNNING,READY
15265,1029,READY,RUNNING
15303,1029,RUNNING,TERMINATED
15303,1011,READY,RUNNING
15348,1011,RUNNING,TERMINATED
15348,1093,READY,RUNNING
15418,1093,RUNNING,READY
15418,1042,READY,RUNNING
15421,1055,WAITING,READY
15482,1042,RUNNING,TERMINATED
15482,1047,READY,RUNNING
15512,1047,RUNNING,WAITING
15512,1039,READY,RUNNING
15577,1039,RUNNING,TERMINATED
15577,1068,READY,RUNNING
15647,1068,RUNNING,READY
15647,1092,READY,RUNNING
15713,1092,RUNNING,WAITING
15713,1004,READY,RUNNING
15764,1004,RUNNING,TERMINATED
15764,1017,READY,RUNNING
15811,1017,RUNNING,WAITING
15811,1018,READY,RUNNING
15822,1018,RUNNING,WAITING
15822,1028,READY,RUNNING
15835,1028,RUNNING,WAITING
15835,1023,READY,RUNNING
15859,1023,RUNNING,WAITING
15859,1038,READY,RUNNING
15879,1047,WAITING,READY
15915,1038,RUNNING,WAITING
15915,1009,READY,RUNNING
15940,1018,WAITING,READY
15955,1009,RUNNING,TERMINATED
15955,1087,READY,RUNNING
15993,1087,RUNNING,TERMINATED
15993,1002,READY,RUNNING
16002,1092,WAITING,READY
16020,1017,WAITING,READY
16033,1002,RUNNING,WAITING
16033,1074,READY,RUNNING
16093,1074,RUNNING,WAITING
16093,1046,READY,RUNNING
16106,1046,RUNNING,TERMINATED
16106,1054,READY,RUNNING
16150,1028,WAITING,READY
16176,1054,RUNNING,READY
16176,1040,READY,RUNNING
16227,1023,WAITING,READY
16231,1040,RUNNING,WAITING
16231,1059,READY,RUNNING
16250,1059,RUNNING,TERMINATED
16250,1066,READY,RUNNING
16258,1066,RUNNING,WAITING
16258,1048,READY,RUNNING
16305,1038,WAITING,READY
16306,1048,RUNNING,TERMINATED
16306,1073,READY,RUNNING
16326,1073,RUNNING,WAITING
16326,1041,READY,RUNNING
16345,1041,RUNNING,WAITING
16345,1067,READY,RUNNING
16368,1040,WAITING,READY
16375,1002,WAITING,READY
16384,1067,RUNNING,TERMINATED
16384,1100,READY,RUNNING
16432,1100,RUNNING,WAITING
16432,1065,READY,RUNNING
16441,1066,WAITING,READY
16446,1065,RUNNING,TERMINATED
16446,1008,READY,RUNNING
16486,1008,RUNNING,TERMINATED
16486,1076,READY,RUNNING
16491,1076,RUNNING,TERMINATED
16491,1012,READY,RUNNING
16495,1074,WAITING,READY
16514,1012,RUNNING,TERMINATED
16514,1032,READY,RUNNING
16519,1032,RUNNING,TERMINATED
16519,1085,READY,RUNNING
16530,1073,WAITING,READY
16589,1085,RUNNING,READY
16589,1010,READY,RUNNING
16659,1010,RUNNING,READY
16659,1022,READY,RUNNING
16727,1022,RUNNING,WAITING
16727,1019,READY,RUNNING
16756,1019,RUNNING,TERMINATED
16756,1034,READY,RUNNING
16770,1034,RUNNING,TERMINATED
16770,1053,READY,RUNNING
16790,1041,WAITING,READY
16806,1053,RUNNING,TERMINATED
16806,1072,READY,RUNNING
16827,1072,RUNNING,TERMINATED
16827,1070,READY,RUNNING
16834,1100,WAITING,READY
16866,1070,RUNNING,TERMINATED
16866,1027,READY,RUNNING
16936,1027,RUNNING,READY
16936,1078,READY,RUNNING
16955,1078,RUNNING,WAITING
16955,1060,READY,RUNNING
17025,1060,RUNNING,READY
17025,1043,READY,RUNNING
17050,1043,RUNNING,TERMINATED
17050,1056,READY,RUNNING
17077,1056,RUNNING,TERMINATED
17077,1035,READY,RUNNING
17122,1035,RUNNING,WAITING
17122,1095,READY,RUNNING
17190,1095,RUNNING,TERMINATED
17190,1050,READY,RUNNING
17222,1022,WAITING,READY
17260,1050,RUNNING,READY
17260,1007,READY,RUNNING
17279,1007,RUNNING,WAITING
17279,1088,READY,RUNNING
17284,1078,WAITING,READY
17289,1088,RUNNING,WAITING
17289,1071,READY,RUNNING
17291,1071,RUNNING,TERMINATED
17291,1052,READY,RUNNING
17361,1052,RUNNING,READY
17361,1094,READY,RUNNING
17394,1094,RUNNING,WAITING
17394,1090,READY,RUNNING
17414,1090,RUNNING,TERMINATED
17414,1093,READY,RUNNING
17441,1093,RUNNING,TERMINATED
17441,1055,READY,RUNNING
17453,1055,RUNNING,TERMINATED
17453,1068,READY,RUNNING
17467,1068,RUNNING,TERMINATED
17467,1047,READY,RUNNING
17497,1047,RUNNING,WAITING
17497,1018,READY,RUNNING
17567,1018,RUNNING,READY
17567,1092,READY,RUNNING
17589,1035,WAITING,READY
17599,1088,WAITING,READY
17600,1007,WAITING,READY
17626,1092,RUNNING,TERMINATED
17626,1017,READY,RUNNING
17632,1094,WAITING,READY
17675,1017,RUNNING,TERMINATED
17675,1028,READY,RUNNING
17688,1028,RUNNING,WAITING
17688,1054,READY,RUNNING
17717,1054,RUNNING,TERMINATED
17717,1023,READY,RUNNING
17787,1023,RUNNING,READY
17787,1038,READY,RUNNING
17843,1038,RUNNING,WAITING
17843,1040,READY,RUNNING
17864,1047,WAITING,READY
17893,1040,RUNNING,TERMINATED
17893,1002,READY,RUNNING
17933,1002,RUNNING,WAITING
17933,1066,READY,RUNNING
18003,1066,RUNNING,READY
18003,1028,WAITING,READY
18003,1074,READY,RUNNING
18063,1074,RUNNING,WAITING
18063,1073,READY,RUNNING
18083,1073,RUNNING,WAITING
18083,1085,READY,RUNNING
18153,1085,RUNNING,READY
18153,1010,READY,RUNNING
18186,1010,RUNNING,TERMINATED
18186,1041,READY,RUNNING
18233,1038,WAITING,READY
18256,1041,RUNNING,READY
18256,1100,READY,RUNNING
18275,1002,WAITING,READY
18287,1073,WAITING,READY
18304,1100,RUNNING,WAITING
18304,1027,READY,RUNNING
18374,1027,RUNNING,READY
18374,1060,READY,RUNNING
18392,1060,RUNNING,WAITING
18392,1022,READY,RUNNING
18399,1022,RUNNING,TERMINATED
18399,1050,READY,RUNNING
18420,1050,RUNNING,TERMINATED
18420,1078,READY,RUNNING
18465,1074,WAITING,READY
18484,1078,RUNNING,TERMINATED
18484,1052,READY,RUNNING
18500,1052,RUNNING,TERMINATED
18500,1018,READY,RUNNING
18511,1018,RUNNING,WAITING
18511,1035,READY,RUNNING
18556,1035,RUNNING,WAITING
18556,1088,READY,RUNNING
18566,1088,RUNNING,WAITING
18566,1007,READY,RUNNING
18585,1007,RUNNING,WAITING
18585,1094,READY,RUNNING
18618,1094,RUNNING,WAITING
18618,1023,READY,RUNNING
18629,1018,WAITING,READY
18642,1023,RUNNING,WAITING
18642,1047,READY,RUNNING
18672,1047,RUNNING,WAITING
18672,1066,READY,RUNNING
18677,1066,RUNNING,TERMINATED
18677,1028,READY,RUNNING
18690,1028,RUNNING,WAITING
18690,1085,READY,RUNNING
18706,1100,WAITING,READY
18712,1060,WAITING,READY
18719,1085,RUNNING,TERMINATED
18719,1038,READY,RUNNING
18775,1038,RUNNING,WAITING
18775,1041,READY,RUNNING
18794,1041,RUNNING,WAITING
18794,1002,READY,RUNNING
18834,1002,RUNNING,WAITING
18834,1073,READY,RUNNING
18854,1073,RUNNING,WAITING
18854,1027,READY,RUNNING
18855,1027,RUNNING,TERMINATED
18855,1074,READY,RUNNING
18856,1094,WAITING,READY
18873,1074,RUNNING,TERMINATED
18873,1018,READY,RUNNING
18876,1088,WAITING,READY
18906,1007,WAITING,READY
18929,1018,RUNNING,TERMINATED
18929,1100,READY,RUNNING
18969,1100,RUNNING,TERMINATED
18969,1060,READY,RUNNING
19005,1028,WAITING,READY
19010,1023,WAITING,READY
19022,1060,RUNNING,TERMINATED
19022,1094,READY,RUNNING
19023,1035,WAITING,READY
19039,1047,WAITING,READY
19055,1094,RUNNING,WAITING
19055,1088,READY,RUNNING
19058,1073,WAITING,READY
19065,1088,RUNNING,WAITING
19065,1007,READY,RUNNING
19079,1007,RUNNING,TERMINATED
19079,1028,READY,RUNNING
19092,1028,RUNNING,WAITING
19092,1023,READY,RUNNING
19116,1023,RUNNING,TERMINATED
19116,1035,READY,RUNNING
19161,1035,RUNNING,WAITING
19161,1047,READY,RUNNING
19165,1038,WAITING,READY
19176,1002,WAITING,READY
19191,1047,RUNNING,WAITING
19191,1073,READY,RUNNING
19211,1073,RUNNING,WAITING
19211,1038,READY,RUNNING
19218,1038,RUNNING,TERMINATED
19218,1002,READY,RUNNING
19226,1002,RUNNING,TERMINATED
19239,1041,WAITING,READY
19239,1041,READY,RUNNING
19276,1041,RUNNING,TERMINATED
19293,1094,WAITING,READY
19293,1094,READY,RUNNING
19326,1094,RUNNING,WAITING
19375,1088,WAITING,READY
19375,1088,READY,RUNNING
19385,1088,RUNNING,WAITING
19407,1028,WAITING,READY
19407,1028,READY,RUNNING
19415,1073,WAITING,READY
19420,1028,RUNNING,WAITING
19420,1073,READY,RUNNING
19440,1073,RUNNING,WAITING
19558,1047,WAITING,READY
19558,1047,READY,RUNNING
19564,1094,WAITING,READY
19588,1047,RUNNING,WAITING
19588,1094,READY,RUNNING
19596,1094,RUNNING,TERMINATED
19628,1035,WAITING,READY
19628,1035,READY,RUNNING
19644,1073,WAITING,READY
19673,1035,RUNNING,WAITING
19673,1073,READY,RUNNING
19686,1073,RUNNING,TERMINATED
19695,1088,WAITING,READY
19695,1088,READY,RUNNING
19705,1088,RUNNING,WAITING
19735,1028,WAITING,READY
19735,1028,READY,RUNNING
19748,1028,RUNNING,WAITING
19955,1047,WAITING,READY
19955,1047,READY,RUNNING
19985,1047,RUNNING,WAITING
20015,1088,WAITING,READY
20015,1088,READY,RUNNING
20025,1088,RUNNING,WAITING
20063,1028,WAITING,READY
20063,1028,READY,RUNNING
20076,1028,RUNNING,WAITING
20140,1035,WAITING,READY
20140,1035,READY,RUNNING
20161,1035,RUNNING,TERMINATED
20335,1088,WAITING,READY
20335,1088,READY,RUNNING
20345,1088,RUNNING,WAITING
20352,1047,WAITING,READY
20352,1047,READY,RUNNING
20371,1047,RUNNING,TERMINATED
20391,1028,WAITING,READY
20391,1028,READY,RUNNING
20404,1028,RUNNING,WAITING
20655,1088,WAITING,READY
20655,1088,READY,RUNNING
20665,1088,RUNNING,WAITING
20719,1028,WAITING,READY
20719,1028,READY,RUNNING
20732,1028,RUNNING,WAITING
20975,1088,WAITING,READY
20975,1088,READY,RUNNING
20985,1088,RUNNING,WAITING
21047,1028,WAITING,READY
21047,1028,READY,RUNNING
21060,1028,RUNNING,WAITING
21295,1088,WAITING,READY
21295,1088,READY,RUNNING
21305,1088,RUNNING,WAITING
21375,1028,WAITING,READY
21375,1028,READY,RUNNING
21388,1028,RUNNING,WAITING
21615,1088,WAITING,READY
21615,1088,READY,RUNNING
21625,1088,RUNNING,WAITING
21703,1028,WAITING,READY
21703,1028,READY,RUNNING
21716,1028,RUNNING,WAITING
21935,1088,WAITING,READY
21935,1088,READY,RUNNING
21945,1088,RUNNING,WAITING
22031,1028,WAITING,READY
22031,1028,READY,RUNNING
22040,1028,RUNNING,TERMINATED
22255,1088,WAITING,READY
22255,1088,READY,RUNNING
22265,1088,RUNNING,WAITING
22575,1088,WAITING,READY
22575,1088,READY,RUNNING
22585,1088,RUNNING,WAITING
22895,1088,WAITING,READY
22895,1088,READY,RUNNING
22905,1088,RUNNING,WAITING
23215,1088,WAITING,READY
23215,1088,READY,RUNNING
23225,1088,RUNNING,WAITING
23535,1088,WAITING,READY
23535,1088,READY,RUNNING
23545,1088,RUNNING,WAITING
23855,1088,WAITING,READY
23855,1088,READY,RUNNING
23865,1088,RUNNING,WAITING
24175,1088,WAITING,READY
24175,1088,READY,RUNNING
24185,1088,RUNNING,WAITING
24495,1088,WAITING,READY
24495,1088,READY,RUNNING
24505,1088,RUNNING,WAITING
24815,1088,WAITING,READY
24815,1088,READY,RUNNING
24825,1088,RUNNING,WAITING
25135,1088,WAITING,READY
25135,1088,READY,RUNNING
25145,1088,RUNNING,WAITING
25455,1088,WAITING,READY
25455,1088,READY,RUNNING
25465,1088,RUNNING,WAITING
25775,1088,WAITING,READY
25775,1088,READY,RUNNING
25785,1088,RUNNING,WAITING
26095,1088,WAITING,READY
26095,1088,READY,RUNNING
26105,1088,RUNNING,WAITING
26415,1088,WAITING,READY
26415,1088,READY,RUNNING
26417,1088,RUNNING,TERMINATED
